Porosity,Mat. Young Modulus,Ultimate Strength,Mat. Fracture Strain,Young Modulus,Yield Strength,Fracture Strength,Fracture Strain,Toughness,Strain Rate
56.7738,2900,73,12.3,257.0817,11.9741,12.9773,8.1624,0.6805,0.004906713
61.2289,2900,73,12.3,215.011,9.9764,10.6539,8.0407,0.56,0.004906312
64.6604,2900,73,12.3,179.1222,8.043,8.6174,10.0806,0.6289,0.004905063
66.8839,2900,73,12.3,139.4053,5.4073,5.8071,6.0019,0.2152,0.004905111
74.9998,2900,73,12.3,82.5571,3.2141,3.6186,11.4364,0.3126,0.004904528
48.707,2900,73,12.3,298.0797,14.3111,15.7485,8.0048,0.7889,0.004908844
56.0736,2900,73,12.3,250.7908,11.677,12.0973,6.2749,0.4456,0.004905899
54.7468,2900,73,12.3,267.5179,11.3131,12.3769,5.9851,0.4315,0.004906274
60.496,2900,73,12.3,227.8436,5.6172,6.2481,2.8365,0.0909,0.004908409
60.3813,2900,73,12.3,232.7574,3.879,4.6964,2.0694,0.0494,0.004916152
64.341,2900,73,12.3,181.5059,5.0569,5.8634,3.4579,0.1061,0.004912663
60.5246,2900,73,12.3,170.2902,8.0662,8.6555,7.8904,0.442,0.004906879
68.4481,2900,73,12.3,147.9916,4.3512,4.7968,3.569,0.0917,0.004908397
73.2964,2900,73,12.3,90.8232,3.5098,3.745,5.4444,0.122,0.004907259
74.4142,2900,73,12.3,88.7194,3.6926,3.9089,8.4917,0.2374,0.00490387
77.9112,2900,73,12.3,61.2494,2.1313,2.2615,4.1048,0.0504,0.004905176
77.5058,2900,73,12.3,57.8731,2.1264,2.3018,6.6962,0.1047,0.004904046
48.6554,2080,52,12,227.0254,10.0114,10.8813,6.1436,0.393,0.004905601
58.4636,2080,52,12,180.1318,7.8925,8.5704,6.5631,0.342,0.004905872
62.5731,2080,52,12,149.7825,6.879,7.5909,8.4165,0.4271,0.004905067
66.9294,2080,52,12,118.7963,5.2321,5.8141,8.8843,0.3564,0.004904173
73.0568,2080,52,12,84.2181,2.9791,3.3194,5.2752,0.1044,0.004903489
78.2315,2080,52,12,61.0032,2.1708,2.333,5.4366,0.0793,0.004902336
44.5349,2080,52,12,208.9045,10.4543,11.5691,7.7199,0.5467,0.004904076
50.5623,2080,52,12,205.4447,9.3681,10.3593,7.6097,0.4937,0.004906453
51.2344,2080,52,12,214.1216,8.6113,9.773,6.1986,0.3592,0.004908842
55.0156,2080,52,12,180.3295,8.837,9.7593,10.4112,0.7099,0.004906034
55.6834,2080,52,12,178.5562,7.7119,8.5193,6.5487,0.3389,0.004910023
56.8325,2080,52,12,164.0099,6.3418,7.1901,5.8041,0.2475,0.004905939
58.5974,2080,52,12,159.1264,5.7001,6.7836,5.7016,0.2294,0.004907049
64.2605,2080,52,12,123.5819,5.5445,6.3468,12.2155,0.5713,0.004904163
70.1578,2080,52,12,95.6351,3.4374,3.7642,5.3139,0.12,0.00490457
70.5524,2080,52,12,89.9306,3.6695,4.0697,8.6628,0.2442,0.004903331
74.6936,2080,52,12,61.8022,2.3727,2.7214,8.5742,0.1622,0.004902321
47.0562,2300,52,4,160.5017,7.0939,7.5153,7.3932,0.3487,0.00490464
47.1123,2300,52,4,150.2013,6.8676,7.4335,8.7116,0.4225,0.00490353
51.3155,2300,52,4,133.4142,6.0642,6.9239,10.5902,0.4997,0.004904018
52.9553,2300,52,4,144.3561,6.2194,7.0345,8.1419,0.372,0.004904364
53.1711,2300,52,4,136.8009,5.0797,5.7336,6.2551,0.2167,0.004903176
57.029,2300,52,4,119.8051,4.3687,5.0972,6.4119,0.2012,0.004903766
57.1067,2300,52,4,119.8693,4.8622,5.6895,8.4394,0.3108,0.004903677
57.1196,2300,52,4,119.0936,4.987,5.5567,8.2931,0.3068,0.004904372
63.0792,2300,52,4,97.3293,4.7019,4.9993,8.4983,0.2783,0.004904055
63.2604,2300,52,4,101.0121,4.2526,4.7547,7.4141,0.2225,0.004905293
65.828,2300,52,4,86.6209,3.2864,3.7842,6.4552,0.1493,0.004902684
66.2251,2300,52,4,89.3068,3.7114,4.2657,8.7003,0.2506,0.004903635
66.8465,2300,52,4,86.0639,3.4166,4.036,7.7397,0.2012,0.004903136
70.8468,2300,52,4,68.012,2.8915,3.0828,6.9192,0.1347,0.00490281
71.7358,2300,52,4,55.4692,2.8662,3.1593,6.7169,0.1317,0.004903207
75.7922,2300,52,4,53.4392,2.0569,2.4944,9.1691,0.1563,0.004902588
76.1029,2300,52,4,55.0654,2.1384,2.3955,8.9111,0.1523,0.004902831
51.7165,1000,28,55,91.9211,4.7436,6.2977,33.9226,1.7045,0.004902648
50.999,1000,28,55,98.4664,4.6797,5.7698,24.9623,1.157,0.004902418
55.4459,1000,28,55,82.8901,4.2414,5.3547,31.3641,1.3392,0.004902283
62.6532,1000,28,55,64.7957,3.3853,4.6712,40.0271,1.4742,0.004902423
62.9868,1000,28,55,64.6971,3.3631,4.5123,40.4353,1.4534,0.004902338
66.7984,1000,28,55,57.2697,2.8713,3.8486,35.3614,1.0646,0.004902378
65.7061,1000,28,55,56.3189,2.8094,3.7054,36.2397,1.0752,0.004902394
72.0817,1000,28,55,46.8626,2.2795,2.851,23.5692,0.5251,0.004902336
79.9791,1000,28,55,37.379,1.809,2.4735,34.0519,0.6558,0.004902263
85.6554,1000,28,55,26.0867,1.2259,1.4388,17.0565,0.1869,0.004902091
86.8848,1000,28,55,24.8515,1.0995,1.3576,19.3077,0.2036,0.004902322
43.4847,350,20,100,64.7576,3.2314,5.0347,62.4068,2.4202,0.004902413
46.3002,350,20,100,71.1185,3.3881,5.1186,61.053,2.4286,0.004902132
47.1119,350,20,100,62.171,2.8413,4.7236,69.2669,2.477,0.004902216
50.3309,350,20,100,56.7382,2.4781,4.2912,72.4443,2.3412,0.004902155
53.4491,350,20,100,52.9565,2.4823,4.4498,75.2214,2.4852,0.004902121
54.9669,350,20,100,32.6646,1.6335,3.7015,81.8396,2.0266,0.004902166
57.5761,350,20,100,30.745,1.5459,3.4264,78.4597,1.7913,0.004902119
58.0576,350,20,100,38.7236,1.7413,3.5014,78.2818,1.9633,0.004902156
58.163,350,20,100,29.0982,1.2866,3.1547,81.4619,1.7095,0.004902132
61.3637,350,20,100,22.8514,1.0285,2.7027,81.2813,1.4354,0.004902174
66.1281,350,20,100,13.7474,0.5993,1.9753,75.5113,0.9123,0.004902139
66.6188,350,20,100,16.7208,0.8225,2.0261,67.0216,0.8741,0.004902159
66.7701,350,20,100,16.4445,0.873,1.8093,58.375,0.7082,0.004902137
68.8565,350,20,100,9.8215,0.3256,1.2598,68.4143,0.5181,0.004902164
71.6904,350,20,100,8.0707,0.3603,1.3337,73.5294,0.6082,0.00490218
76.895,350,20,100,3.629,0.1367,0.7619,74.076,0.2998,0.004902123
77.9176,350,20,100,3.5099,0.1143,0.8354,79.9075,0.3422,0.004902148
49.219,396,20.6,173,137.5912,6.5483,7.1394,49.033,3.1375,0.004902055
50.7825,396,20.6,173,133.4287,6.6156,7.0212,43.5358,2.7597,0.004902353
51.338,396,20.6,173,138.391,6.666,7.071,46.8246,3.0001,0.004902235
56.5259,396,20.6,173,104.0745,5.0936,5.6528,50.6261,2.5477,0.004902512
56.8977,396,20.6,173,112.3794,5.0415,5.6348,52.4944,2.637,0.004902196
60.428,396,20.6,173,86.1403,3.8887,4.4594,51.4414,2.0252,0.00490241
60.643,396,20.6,173,86.3515,4.1125,4.7369,54.3604,2.2723,0.004902164
61.2613,396,20.6,173,81.6514,3.4084,4.3476,66.5621,2.4413,0.004902409
64.787,396,20.6,173,60.867,2.4695,3.3217,64.1255,1.7641,0.004902191
65.6338,396,20.6,173,62.3844,2.6414,3.4816,68.3679,1.9978,0.004902158
66.5298,396,20.6,173,61.1008,2.3515,2.9445,56.5123,1.4409,0.004902317
70.974,396,20.6,173,39.1749,1.8121,2.523,64.1277,1.3269,0.00490219
71.8117,396,20.6,173,30.6616,1.4905,2.1993,66.5128,1.157,0.004902215
75.1807,396,20.6,173,28.1501,1.1811,2.023,79.2559,1.1903,0.004902147
75.4988,396,20.6,173,22.8277,1.0533,1.7817,78.7957,1.0802,0.004902157
81.1033,396,20.6,173,23.5475,1.061,1.5008,64.4402,0.7943,0.004902195
83.0297,396,20.6,173,20.4428,0.9321,1.4328,71.4666,0.8395,0.004902183
41.2906,4.6,8.9,120,0.876,0.5333,0.6662,90.0332,0.3272,0.004902042
50.2851,4.6,8.9,120,0.6289,0.5229,0.595,97.7574,0.2984,0.004902039
55.4897,4.6,8.9,120,0.5408,0.4763,0.4854,88.8871,0.2152,0.004902037
59.4234,4.6,8.9,120,0.587,0.5815,0.587,112.0882,0.3437,0.004902048
69.3834,4.6,8.9,120,0.4295,0.408,0.429,107.9649,0.2401,0.004902038
54.7512,2600,61,13,194.506,8.3156,9.1256,11.9131,0.8351,0.004904319
60.5054,2600,61,13,173.3505,5.147,6.0611,4.2524,0.144,0.004906829
65.9692,2600,61,13,135.0253,5.2499,5.8347,9.7422,0.4216,0.004905035
75.5119,2600,61,13,77.5103,2.9243,3.1893,9.9137,0.2371,0.004903557
45.0701,2600,61,13,244.0487,9.2863,10.8971,7.0135,0.4888,0.004907309
50.5651,2600,61,13,215.5951,9.0581,9.8794,7.0387,0.4445,0.004906293
53.5807,2600,61,13,207.2995,9.146,9.8687,9.7394,0.6925,0.00490528
58.218,2600,61,13,179.6947,7.5355,8.4677,10.0441,0.6183,0.004904214
57.8562,2600,61,13,178.8135,7.6903,8.4171,9.4341,0.5694,0.004904718
59.8576,2600,61,13,153.577,6.7704,7.3752,12.0528,0.6828,0.004903286
66.693,2600,61,13,122.245,4.923,5.4895,9.8775,0.3984,0.004903307
65.0623,2600,61,13,132.5908,5.2955,5.762,8.1478,0.3277,0.004903949
71.3884,2600,61,13,99.3884,3.9241,4.3357,9.3887,0.297,0.004903965
71.9781,2600,61,13,102.9886,3.9726,4.3945,8.8113,0.2792,0.004903708
77.491,2600,61,13,78.6896,3.072,3.6101,14.5104,0.4085,0.004902869
53.6595,1434,45,101,80.6324,3.7069,4.7109,46.7697,1.844,0.004902609
56.437,1434,45,101,93.3966,4.2685,5.0505,42.0774,1.816,0.004902156
57.438,1434,45,101,89.4527,3.9536,5.7262,68.8672,3.1191,0.004902166
58.4297,1434,45,101,66.6248,2.9687,4.313,65.8371,2.2623,0.004902091
62.697,1434,45,101,55.2296,2.3923,3.1562,48.2796,1.2714,0.004902127
68.4118,1434,45,101,47.7422,2.0497,2.7819,57.6873,1.3138,0.004902147
68.5434,1434,45,101,40.6524,1.863,2.8818,73.1958,1.6385,0.004902057
69.6431,1434,45,101,74.8085,3.6597,4.9371,61.9891,2.5082,0.004902117
70.7194,1434,45,101,38.8697,1.8562,2.9899,80.897,1.8311,0.004902098
72.4254,1434,45,101,36.1532,1.6319,2.796,82.8174,1.7125,0.00490207
72.5757,1434,45,101,47.9845,2.1581,3.6132,78.684,2.1232,0.004902088
73.4546,1434,45,101,44.6029,2.0905,2.7258,45.1796,1.0132,0.004902119
76.8008,1434,45,101,16.5589,0.7489,1.0743,36.5893,0.312,0.004902285
78.5772,1434,45,101,15.6673,0.721,1.2875,58.3915,0.5578,0.004902096
83.244,1434,45,101,20.9996,0.9057,1.2039,29.9615,0.293,0.004902153
87.5913,1434,45,101,15.457,0.6919,1.0199,41.449,0.3258,0.004902128
92.587,1434,45,101,20.9461,0.8686,1.0839,24.3253,0.2142,0.004902349
23.1404,1378,52,127,224.921,8.3359,9.9958,13.8711,1.0919,0.004902375
28.8891,1378,52,127,178.2018,6.5788,7.3998,14.4725,0.8682,0.004902296
33.3825,1378,52,127,157.6876,6.2672,6.935,19.4159,1.1271,0.004902252
34.8898,1378,52,127,160.4891,6.7457,7.2562,19.5062,1.1916,0.004902158
37.2434,1378,52,127,143.8438,5.5623,6.2063,21.9511,1.1549,0.004902346
40.5956,1378,52,127,126.6959,4.237,5.0698,24.2424,1.0289,0.004902163
52.2356,1378,52,127,77.1736,2.7352,3.6257,30.2648,0.9017,0.004902126
60.1287,1378,52,127,55.2315,2.0447,2.8355,33.5678,0.7629,0.004902106
62.2732,1378,52,127,51.4837,1.9842,2.8274,36.5555,0.8273,0.004902318
65.8821,1378,52,127,34.3213,1.3753,1.8834,29.5305,0.4397,0.004902089
70.6655,1378,52,127,36.7362,1.4587,2.066,40.0232,0.6676,0.004902131
78.3922,1378,52,127,24.215,0.9207,1.3149,24.7832,0.2551,0.004902374
82.5622,1378,52,127,11.1353,0.5919,0.9615,42.3652,0.2947,0.004902096
88.5344,1378,52,127,6.4221,0.3155,0.4461,15.5894,0.0465,0.004902573
27.9213,1245,38,141,174.7341,7.8119,8.6579,22.7458,1.6931,0.004902777
30.0926,1245,38,141,158.439,7.2225,7.4695,20.2478,1.2876,0.004902156
30.9167,1245,38,141,138.8429,5.9396,6.5607,20.4182,1.1382,0.004902334
32.3287,1245,38,141,156.7307,7.6041,7.8945,21.6754,1.4719,0.004902284
33.7593,1245,38,141,144.1993,6.8434,7.0979,23.2053,1.4293,0.004902278
35.7731,1245,38,141,133.5305,5.8534,6.2392,21.1768,1.1226,0.004902171
39.5509,1245,38,141,133.1693,4.6425,5.1569,19.9996,0.8766,0.004902071
41.2454,1245,38,141,122.0848,4.8452,5.293,21.3778,0.9721,0.004902304
50.7546,1245,38,141,89.6607,3.3055,3.937,29.503,0.9851,0.004902089
51.7685,1245,38,141,93.0889,3.3199,3.9747,28.2918,0.9479,0.004902366
59.2963,1245,38,141,68.6472,2.5152,3.2587,34.4095,0.9336,0.0049021
60.3241,1245,38,141,61.0976,2.2802,3.0404,40.5636,1.0347,0.004902131
60.5417,1245,38,141,69.3208,2.4739,3.2265,33.307,0.8926,0.004902298
73.9907,1245,38,141,33.8082,1.4129,2.0096,43.9339,0.7057,0.004902091
84.7407,1245,38,141,20.7467,0.9699,1.351,46.0446,0.4824,0.00490207
86.7963,1245,38,141,9.198,0.4845,1.0118,60.4711,0.4117,0.00490213
88.6065,1245,38,141,16.1909,0.5922,0.7789,16.282,0.0948,0.004902336
30.4789,1494,39,105,199.6296,8.7261,10.685,16.3254,1.37,0.00490369
35.0296,1494,39,105,167.2423,7.3675,8.2936,15.9866,1.0567,0.004902622
39.0467,1494,39,105,157.2437,7.4081,8.6523,20.2252,1.4117,0.004902443
40.0316,1494,39,105,146.2888,6.5577,7.6005,18.2912,1.1201,0.004902375
44.9835,1494,39,105,135.0379,6.0943,7.0685,21.8025,1.2762,0.004902423
45.6675,1494,39,105,111.2655,4.4069,5.2727,18.2095,0.7678,0.004902398
46.4928,1494,39,105,124.3672,4.6184,5.92,21.5671,1.0321,0.004902335
49.712,1494,39,105,113.8183,4.6984,5.7052,22.7818,1.0531,0.004902221
57.345,1494,39,105,80.1639,2.8915,3.4532,16.5916,0.457,0.004902336
59.6249,1494,39,105,71.5379,3.0102,3.6311,20.8312,0.6007,0.004902311
60.3544,1494,39,105,75.7038,3.3009,4.2602,26.0597,0.8895,0.004902251
61.7953,1494,39,105,53.725,1.8053,2.5903,23.6861,0.4825,0.004902277
65.2927,1494,39,105,52.5083,2.1768,2.9279,27.6641,0.6421,0.004902287
68.3614,1494,39,105,55.6329,2.0304,2.88,28.4731,0.6544,0.004902357
77.0659,1494,39,105,24.2993,1.2111,1.8722,42.1186,0.609,0.00490211
85.8024,1494,39,105,6.2916,0.1798,0.2553,10.3584,0.0181,0.00490258
60.4928,1806,53,43,128.2001,4.7821,6.1712,20.6303,1.0522,0.004902833
62.0953,1806,53,43,120.6574,4.9373,6.1179,22.255,1.1231,0.004902886
62.2148,1806,53,43,119.0153,4.7342,5.9251,20.5521,0.9974,0.004902709
62.9408,1806,53,43,112.9354,4.2713,5.3451,20.945,0.9232,0.004902944
63.3437,1806,53,43,106.5851,4.1361,5.1242,21.7076,0.9206,0.004903014
69.063,1806,53,43,77.9785,2.8939,3.7845,25.3786,0.791,0.004902337
69.1914,1806,53,43,80.8282,3.1031,3.9783,23.8552,0.7845,0.004902524
76.7301,1806,53,43,42.7623,1.6235,2.2383,27.732,0.5008,0.004902498
77.2082,1806,53,43,52.1353,1.8003,2.5226,23.9771,0.4888,0.004902544
79.3286,1806,53,43,39.9999,1.3301,1.9654,19.9793,0.309,0.004902626
87.1329,1806,53,43,23.2332,0.804,1.0814,11.4223,0.0897,0.0049027
87.4782,1806,53,43,19.162,0.6595,0.8493,11.3809,0.0694,0.004902724
87.4915,1806,53,43,25.8591,0.839,1.078,11.9401,0.0974,0.004902513
38.0897,1752,45,41,278.1811,9.8081,13.5711,12.0921,1.1804,0.004903812
40.5585,1752,45,41,244.9817,8.4894,10.7478,11.0232,0.8677,0.004904203
41.9181,1752,45,41,246.9052,7.8506,10.62,10.5075,0.8157,0.00490494
43.3553,1752,45,41,245.872,9.5512,11.7762,11.3845,0.9828,0.004904136
43.8905,1752,45,41,233.6299,9.0973,11.2923,11.5456,0.9346,0.004904098
45.8069,1752,45,41,214.9752,8.2826,9.8052,11.2616,0.8211,0.004904585
48.3793,1752,45,41,197.5141,6.6775,8.1884,8.7981,0.5104,0.004904261
59.1825,1752,45,41,135.3685,3.8092,4.9358,8.7797,0.3176,0.004902342
61.8326,1752,45,41,144.1169,4.8582,5.9009,11.0038,0.4934,0.00490305
63.5461,1752,45,41,125.2682,4.057,4.8125,11.3599,0.4252,0.004903317
66.2998,1752,45,41,83.8,2.5945,3.0485,10.6568,0.2494,0.004902419
69.1571,1752,45,41,97.4862,3.0942,3.9484,15.3325,0.4853,0.004902579
72.3035,1752,45,41,50.0121,1.5345,1.9859,11.6845,0.1741,0.004902663
76.3693,1752,45,41,36.9569,1.2296,1.6357,13.071,0.1574,0.004902447
76.9088,1752,45,41,43.1108,1.221,1.4721,9.4705,0.1049,0.004902474
78.6352,1752,45,41,51.4904,1.5948,2.2027,19.1377,0.3402,0.004902724
84.3152,1752,45,41,27.3292,0.7233,0.9544,8.8182,0.0602,0.004902717
37.5832,1305,37,110,119.95,5.1775,5.8759,19.5639,0.9672,0.004902091
38.4624,1305,37,110,127.0355,6.2201,6.6553,26.4381,1.5237,0.0049023
38.9534,1305,37,110,120.9999,5.6711,6.568,30.8203,1.756,0.004902083
38.9955,1305,37,110,125.799,5.3658,6.0321,29.0177,1.5077,0.004902063
41.5676,1305,37,110,119.9441,5.612,6.0856,27.882,1.4739,0.004902203
45.5706,1305,37,110,108.9808,4.4452,4.9998,26.3521,1.1331,0.004902154
47.9743,1305,37,110,112.3869,4.4059,5.1827,33.704,1.5171,0.004902197
55.8588,1305,37,110,84.3393,3.0074,3.631,27.4331,0.845,0.004902094
58.9453,1305,37,110,79.4592,3.2283,3.9767,38.7551,1.3091,0.004902158
59.2493,1305,37,110,83.9558,2.9452,3.9083,39.7764,1.3291,0.004902191
63.9491,1305,37,110,51.5435,2.1582,2.8672,36.1316,0.8425,0.004902089
66.3669,1305,37,110,53.6758,2.1336,3.0569,48.3058,1.202,0.00490204
75.6871,1305,37,110,42.2092,1.5976,2.3177,47.6148,0.8987,0.004902098
77.8008,1305,37,110,32.6016,1.3825,1.9645,46.1327,0.73,0.004902051
84.5162,1305,37,110,15.1036,0.832,1.392,53.6196,0.557,0.004902158
86.0922,1305,37,110,20.0042,0.8701,1.1748,20.8964,0.1815,0.004902073
90.0672,1305,37,110,8.6138,0.3512,0.5215,19.9268,0.0743,0.004902188
36.7771,1673,46,51,204.0477,11.9299,13.0436,14.3173,1.3514,0.004904636
39.8339,1673,46,51,217.3609,10.8982,12.5582,14.6294,1.3426,0.004904452
42.7415,1673,46,51,181.3931,10.6998,11.1946,14.8189,1.2451,0.004905863
45.5723,1673,46,51,189.166,10.046,11.1052,15.0957,1.2722,0.00490413
45.6808,1673,46,51,189.9644,9.9554,10.9564,13.455,1.0896,0.004906046
50.1299,1673,46,51,156.4692,7.8991,8.8647,14.6261,0.9781,0.004903329
53.6032,1673,46,51,150.447,6.681,7.3115,15.733,0.9167,0.004902901
54.1368,1673,46,51,145.7086,6.7121,7.2203,17.5598,1.0709,0.004905214
55.3306,1673,46,51,145.8196,6.8691,7.7197,15.4372,0.9346,0.004904694
58.9075,1673,46,51,118.75,5.1103,6.2712,15.6534,0.755,0.004904401
59.6943,1673,46,51,118.0663,5.0029,5.8943,17.5299,0.8337,0.004898127
60.038,1673,46,51,112.9525,5.1115,5.7409,16.9393,0.7831,0.004903026
64.0037,1673,46,51,87.6952,3.7522,4.373,17.6569,0.6229,0.004902381
64.6911,1673,46,51,86.7517,3.9601,4.5375,20.6394,0.7704,0.004902726
70.244,1673,46,51,52.9934,2.189,2.7768,20.6157,0.4533,0.00490223
71.777,1673,46,51,48.5745,2.0642,2.5752,21.3986,0.4393,0.004902288
72.5367,1673,46,51,49.9336,2.0954,2.7037,22.9238,0.4892,0.00490233
49.3379,4100,69,5.3,321.8843,6.4623,7.7098,2.9703,0.1279,0.004916506
52.8755,4100,69,5.3,276.7238,4.4577,6.2078,3.1028,0.1112,0.00491283
64.4733,4100,69,5.3,197.8053,4.487,4.5539,2.8879,0.0744,0.004912397
68.3443,4100,69,5.3,174.0714,2.8312,2.9018,1.9384,0.0306,0.004916873
73.2157,4100,69,5.3,113.6018,2.3511,2.4413,3.013,0.0444,0.004911673
77.6195,4100,69,5.3,64.3235,0.9109,1.0546,4.2281,0.0322,0.004908855
50.2079,4100,69,5.3,408.8901,5.826,7.7173,2.2462,0.0947,0.004916865
56.3058,4100,69,5.3,343.0136,5.2213,6.6515,2.2795,0.0821,0.004917
60.2995,4100,69,5.3,344.81,4.1544,4.2907,1.5767,0.036,0.004921948
60.9894,4100,69,5.3,292.5032,4.9107,5.7541,2.4893,0.0806,0.004908788
64.0555,4100,69,5.3,219.2449,3.7187,4.6658,2.4605,0.0629,0.004923405
64.6994,4100,69,5.3,212.0308,3.9845,4.6472,2.4351,0.0605,0.00491502
68.4861,4100,69,5.3,161.2527,2.7542,3.1316,2.1114,0.0351,0.004914361
73.1391,4100,69,5.3,120.1381,1.2606,2.1507,1.8946,0.0212,0.00492088
73.5645,4100,69,5.3,136.8327,1.4929,1.7102,1.3759,0.0127,0.004917629
78.7233,4100,69,5.3,87.9358,1.7884,1.9684,2.9857,0.0348,0.004911598
79.2599,4100,69,5.3,100.6086,1.7123,1.9141,2.409,0.0264,0.004913152
48.5098,1500,33,51,159.3538,6.3123,7.7623,31.1716,2.0266,0.004902961
49.1106,1500,33,51,146.9875,6.3561,7.7653,35.0438,2.2927,0.004902677
49.4066,1500,33,51,144.085,6.6162,7.9387,31.738,2.111,0.004902434
54.3808,1500,33,51,124.5643,5.3063,6.0329,25.2769,1.2819,0.004902203
60.7996,1500,33,51,90.5701,3.7411,5.3018,40.4263,1.6908,0.004902112
61.502,1500,33,51,93.5709,3.8706,4.4176,16.4327,0.5838,0.004902197
61.8112,1500,33,51,94.8679,3.9035,4.956,30.455,1.2294,0.004902376
63.1674,1500,33,51,71.2914,2.9528,3.8913,30.9875,0.9631,0.004902168
64.1437,1500,33,51,69.9032,3.1137,3.952,27.6644,0.8757,0.004902294
68.6408,1500,33,51,51.3451,2.0924,3.0164,30.9555,0.7221,0.004902057
69.7541,1500,33,51,47.905,2.1231,3.0817,34.9404,0.8321,0.00490222
69.8601,1500,33,51,47.8313,2.2892,3.3004,36.3647,0.9259,0.004902335
75.8504,1500,33,51,44.0043,1.6768,1.8594,10.4158,0.1443,0.004902344
76.0845,1500,33,51,45.5873,1.9283,2.7407,32.6876,0.6979,0.004902191
80.0383,1500,33,51,30.7477,1.226,1.4119,12.2754,0.1295,0.004902146
81.9909,1500,33,51,31.015,0.9181,1.0596,9.5617,0.0771,0.004902365
81.9909,1500,33,51,32.456,1.2387,1.456,13.5146,0.1526,0.004902105
58.9824,2200,46,48,132.6175,5.3245,6.4249,29.2059,1.5751,0.004902606
66.9813,2200,46,48,79.9379,2.9068,4.1045,34.7929,1.1354,0.004902453
78.6317,2200,46,48,53.2546,1.8974,2.4683,25.5611,0.5051,0.004902242
86.2089,2200,46,48,35.0387,1.2991,1.4258,16.5947,0.1997,0.004902378
47.5723,2200,46,48,187.3851,8.5302,9.2218,19.5288,1.5326,0.004903051
49.1577,2200,46,48,171.7667,8.2498,8.6884,19.3529,1.4311,0.004903032
55.1369,2200,46,48,155.4799,6.8586,7.2609,19.3721,1.1978,0.004902747
56.1151,2200,46,48,149.1194,6.6218,7.4312,28.1281,1.7966,0.004902696
60.6311,2200,46,48,128.6426,5.753,6.5772,30.2814,1.6958,0.004902542
64.3375,2200,46,48,108.2675,4.3315,4.8971,22.3568,0.931,0.00490266
64.8561,2200,46,48,113.0746,4.3344,4.7323,16.3414,0.6489,0.00490287
70.5021,2200,46,48,84.6708,3.5422,3.9846,18.1834,0.5985,0.004902736
69.5281,2200,46,48,84.7201,3.4581,3.6425,17.566,0.5497,0.004902805
73.4748,2200,46,48,67.5667,2.7064,2.7743,14.1598,0.3275,0.004902313
83.679,2200,46,48,30.2716,0.7473,0.8418,5.0243,0.0291,0.004903302
83.173,2200,46,48,38.4566,1.2254,1.3857,7.9634,0.0809,0.004903838
48.7013,2800,65,6.2,275.431,8.8583,9.3443,4.6614,0.2578,0.004910146
49.4081,2800,65,6.2,278.9723,7.8377,9.4891,4.7436,0.2679,0.004909443
52.6603,2800,65,6.2,250.0589,6.4604,7.7056,3.958,0.1762,0.004909601
55.223,2800,65,6.2,256.6665,6.5552,7.8558,4.2283,0.1937,0.004910171
60.396,2800,65,6.2,208.4413,5.7369,6.4654,3.9512,0.1462,0.004910166
60.6736,2800,65,6.2,206.8943,6.4136,7.0717,4.953,0.2108,0.004908142
60.8904,2800,65,6.2,207.7538,5.9452,6.5915,4.0087,0.1514,0.004908768
61.3197,2800,65,6.2,173.9762,5.4444,6.0912,4.983,0.185,0.00490861
61.7056,2800,65,6.2,174.5249,4.9574,5.3332,4.2693,0.1393,0.004909312
62.6899,2800,65,6.2,182.4955,5.4816,6.144,4.9067,0.1803,0.004908746
67.7155,2800,65,6.2,136.343,3.897,4.4583,5.0871,0.1418,0.004907183
68.7519,2800,65,6.2,136.2883,3.6634,4.4299,4.8635,0.1312,0.004907147
73.4307,2800,65,6.2,90.9243,2.4465,2.8696,4.8348,0.087,0.004907432
74.0637,2800,65,6.2,93.2375,2.5255,2.8107,4.8446,0.0879,0.004906273
74.8573,2800,65,6.2,89.0729,2.6251,2.9276,4.6591,0.0832,0.004906344
78.1354,2800,65,6.2,52.1533,1.2698,1.4347,4.6088,0.044,0.004904475
79.4189,2800,65,6.2,50.0689,0.8915,1.2641,4.079,0.0322,0.004902728
47.9495,2900,73,12.3,291.8681,13.4369,14.8172,8.3092,0.7817,0.004907797
50.1729,2900,73,12.3,287.0571,13.368,14.4954,7.4606,0.6628,0.004905052
69.5209,2900,73,12.3,144.9067,5.0734,5.6061,4.859,0.157,0.004905773
76.5149,2900,73,12.3,54.2925,2.2698,2.4082,6.3805,0.0976,0.004903737
52.176,2080,52,12,209.8464,9.4389,10.255,6.5749,0.4034,0.00490639
45.3978,2080,52,12,222.1336,9.7467,10.6616,6.1209,0.3773,0.004907213
63.6274,2080,52,12,130.5197,4.8606,5.5139,5.9056,0.1987,0.004905463
74.4507,2080,52,12,62.1644,2.4667,2.6082,7.1066,0.1241,0.004903692
48.0919,2300,52,4,173.2676,8.0136,8.4212,7.4775,0.3958,0.004904368
62.5138,2300,52,4,102.1577,4.061,4.942,8.4425,0.2705,0.004903937
70.8943,2300,52,4,72.0647,3.0917,3.4839,8.2221,0.1897,0.004903079
75.516,2300,52,4,55.8539,1.819,2.2496,5.8153,0.0794,0.004902322
55.1397,1000,28,55,77.8449,4.3143,5.6577,35.7374,1.5888,0.004902338
79.6729,1000,28,55,36.8816,1.804,2.2644,25.6713,0.4576,0.004902301
70.8888,1000,28,55,45.1306,2.2675,2.9988,29.4329,0.6843,0.004902264
51.7524,350,20,100,46.6699,2.1049,4.4023,82.1504,2.5133,0.004902148
63.6886,350,20,100,20.6561,1.0299,2.4561,70.7403,1.1457,0.004902152
76.1705,350,20,100,3.0183,0.1103,0.8635,86.916,0.3681,0.004902145
70.5073,350,20,100,5.1284,0.2827,1.1424,70.7523,0.4482,0.004902118
60.1906,396,20.6,173,115.7419,5.217,5.7713,48.4686,2.4953,0.004902226
70.9247,396,20.6,173,38.1376,1.559,2.4176,71.6145,1.3688,0.004902182
82.9849,396,20.6,173,21.448,0.9403,1.3322,65.6438,0.7327,0.004902254
74.4415,396,20.6,173,23.1932,1.0528,1.8564,74.4304,1.0215,0.004902127
34.4605,4.6,8.9,120,1.1831,0.4815,0.9766,121.9548,0.6785,0.004902047
75.4143,4.6,8.9,120,0.3244,0.1855,0.2385,75.273,0.0912,0.004902066
50.3552,2600,61,13,216.6598,9.7036,10.4526,10.8999,0.8486,0.004904447
44.8914,2600,61,13,259.075,8.5618,10.4818,5.3996,0.3326,0.004908111
59.5449,2600,61,13,158.5425,6.6775,7.4087,13.039,0.754,0.004903965
80.7881,2600,61,13,60.6674,2.0826,2.3356,8.8202,0.1531,0.004903672
54.7686,1434,45,101,82.8236,3.9147,5.2045,60.5296,2.5968,0.004902169
69.582,1434,45,101,45.0885,2.0875,3.085,65.9116,1.6189,0.004902101
76.0065,1434,45,101,16.6086,0.8824,1.4604,61.6867,0.6762,0.004902066
73.1961,1434,45,101,50.5626,2.2547,3.4829,70.7868,1.9331,0.004902114
32.5979,1378,52,127,163.7376,6.2712,7.0989,17.2574,1.0119,0.004902447
55.6924,1378,52,127,57.4677,2.0773,2.6665,24.8564,0.529,0.004902115
82.5765,1378,52,127,20.8592,0.8151,1.336,43.4111,0.4386,0.004902098
54.1043,1378,52,127,71.8967,2.5805,3.5676,31.21,0.901,0.004902365
31.4352,1245,38,141,156.0325,7.554,7.9588,22.6555,1.5614,0.004902223
51.5741,1245,38,141,101.0629,3.7168,4.3214,24.4976,0.896,0.004902131
81.6667,1245,38,141,24.7961,0.9819,1.3631,23.3102,0.2431,0.004902308
71.2037,1245,38,141,41.657,1.6485,2.2764,42.6635,0.7938,0.004902073
42.7219,1494,39,105,146.1146,7.0599,8.1346,21.3417,1.4276,0.004902387
59.2282,1494,39,105,69.2588,2.2132,2.8134,13.407,0.2886,0.004902405
78.7348,1494,39,105,17.0276,0.5383,0.762,9.9546,0.0522,0.004902169
54.6,1494,39,105,82.5023,3.0471,3.7941,17.5961,0.5242,0.00490231
64.7071,1806,53,43,100.7878,4.1653,5.1335,22.7224,0.9623,0.004902854
86.8319,1806,53,43,31.8542,1.0607,1.4946,17.2059,0.2005,0.004902619
88.2352,1806,53,43,25.0492,0.9237,1.2299,19.2002,0.1856,0.004902374
67.9298,1806,53,43,83.3754,3.0741,3.9954,23.899,0.7856,0.004902451
48.2498,1752,45,41,185.2873,6.5652,7.6765,9.5522,0.5423,0.004904142
68.4967,1752,45,41,87.4745,2.821,3.5037,12.3747,0.335,0.004902506
89.2529,1752,45,41,14.506,0.6289,0.7624,9.5519,0.0487,0.004902356
51.8322,1752,45,41,184.3759,6.6652,7.9145,11.5841,0.7008,0.0049042
33.8186,1305,37,110,138.8675,6.2365,7.0209,23.6286,1.4201,0.004902269
45.898,1305,37,110,103.5095,4.5033,5.1942,33.169,1.4927,0.004902122
67.0262,1305,37,110,58.3729,2.3593,3.2341,50.879,1.3624,0.004902223
90.9043,1305,37,110,10.1334,0.4366,0.8152,51.2681,0.2934,0.004902191
38.7848,1673,46,51,218.0661,11.5776,12.9635,13.7997,1.2927,0.004903558
50.8765,1673,46,51,171.0999,7.8743,8.7807,17.2144,1.2092,0.004902922
62.8642,1673,46,51,95.4693,4.143,4.7099,21.0619,0.8329,0.004902613
50.2434,1673,46,51,157.2147,8.3298,9.0651,14.4399,0.9964,0.00490349
59.5061,4100,69,5.3,220.5293,5.8659,5.9658,3.7351,0.1331,0.004910121
55.1828,4100,69,5.3,353.5041,4.7795,5.6154,1.8373,0.0558,0.004920289
68.6663,4100,69,5.3,167.634,2.5763,2.8854,1.8409,0.0278,0.004920255
49.1501,4100,69,5.3,401.0421,6.8304,7.1376,2.0651,0.0797,0.004916127
53.4398,1500,33,51,124.903,5.443,6.1104,19.0378,0.9574,0.004902497
64.0421,1500,33,51,70.9258,2.9581,3.8088,30.3618,0.939,0.004902168
76.5528,1500,33,51,42.535,1.8797,2.2828,19.2891,0.3394,0.004902268
54.7607,1500,33,51,119.6614,5.3462,5.9608,21.2644,1.0547,0.00490235
73.5592,2200,46,48,58.3214,2.2645,3.1673,33.9978,0.8466,0.004902237
60.4456,2200,46,48,135.1765,5.6687,6.6221,30.2226,1.6916,0.004902612
74.1368,2200,46,48,74.1387,2.9485,3.3932,22.3345,0.6311,0.004902833
65.1808,2200,46,48,101.1294,3.9458,5.3804,38.2556,1.6547,0.004902307
52.9442,2200,46,48,174.6319,7.3005,8.0489,23.0106,1.5801,0.004902791
56.3937,2800,65,6.2,244.4611,7.1601,8.1084,4.4779,0.2133,0.004910024
67.2429,2800,65,6.2,133.0854,3.7728,4.0702,4.2913,0.1045,0.004907946
78.9029,2800,65,6.2,48.9371,0.9366,1.1915,3.8116,0.0288,0.004903206
48.0422,2800,65,6.2,296.7101,8.8343,9.8382,4.6345,0.2711,0.004909254
